{"合一行動聯盟":0.18743814713896453,"中華統一促進黨":0.34975940054495946,"親民黨":3.3608514986376017,"安定力量":0.6704771117166208,"台灣基進":2.845355040871935,"時代力量":6.547385831062672,"新黨":0.7792452316076296,"喜樂島聯盟":0.24018337874659404,"中國國民黨":37.85902370572205,"一邊一國行動黨":1.2961193460490463,"勞動黨":0.17723841961852857,"綠黨":1.7763623978201637,"宗教聯盟":0.2785405994550409,"民主進步黨":33.45067084468665,"台灣民眾黨":9.16541825613079,"台灣維新":0.1202267029972751,"台澎黨":0.12798392370572206,"國會政黨聯盟":0.3053125340599456,"台灣團結聯盟":0.4624046321525884}